<?xml version="1.0" encoding="UTF-8"?>
<addon
	id="plugin.video.KovertidoTeamTvCine" version="1.6" name="[B][COLOR white]Kodi[COLOR gold]verti[COLOR yellow]do[COLOR gold]Team[COLOR lightpink]Tv[COLOR lime]Cine[/COLOR][/B]" provider-name="equipo KODIvertiDO TEAM">
<requires>
    <import addon="script.module.requests" />
    <import addon="script.module.resolveurl" /> 
  </requires>
	<extension point="xbmc.python.pluginsource" library="default.py">
		<provides>video</provides>
	</extension>	
	<extension point="xbmc.addon.metadata">
                <platform>all</platform>
		<summary lang="en">KovertidoTeamTvCine</summary>
		<summary lang="da">KovertidoTeamTvCine</summary>
		<description lang="en">
[COLOR white]Complemento gratuito que no aloja ningun contenido.               Todo el contenido se encuentra en internet.No se acepta ninguna responsabilidad por el uso de este addon.[/COLOR]</description>
		<website></website>
		<license>GPL 2.0</license>
		<platform>all</platform>
<assets>
        <icon>icon.gif</icon>
        <fanart>fanart.jpg</fanart>
    </assets>        
		<language>es</language>
	</extension>
</addon>